ID,timestamp,temperature,turbidity,pH,conductivity,dissolvedOxygen,fecalColiform
0,16-04-2012,23.0,18.0,7.19,736.0,3.5,170.0
1,01-01-2013,16.0,42.15,7.45,530.0,3.8,53.0
2,02-01-2013,16.0,46.7,7.99,538.0,2.5,63.0
3,03-01-2013,16.0,47.15,8.05,496.0,2.3,55.0
4,04-01-2013,10.0,22.0,8.18,398.0,4.6,57.0
5,07-01-2013,10.0,28.0,8.41,362.0,4.2,57.0
6,09-01-2013,12.0,34.8,8.6,508.0,3.6,40.0
7,13-01-2013,13.0,30.2,7.99,534.0,3.1,70.0
8,14-01-2013,12.0,32.7,8.3,510.0,3.6,45.0
9,15-01-2013,12.0,34.7,8.5,540.0,3.9,55.0
10,20-01-2013,14.0,50.2,8.18,507.0,3.4,28.0
11,21-01-2013,13.0,49.3,8.34,573.0,2.4,46.0
12,23-01-2013,14.0,65.0,8.4,484.0,2.4,44.0
13,24-01-2013,14.0,56.0,8.3,572.0,3.0,60.0
14,26-01-2013,14.0,60.0,8.44,514.0,3.0,50.0
15,27-01-2013,12.0,66.0,8.44,510.0,2.4,40.0
16,30-01-2013,21.0,13.0,8.13,330.0,3.6,60.0
17,31-01-2013,13.0,34.0,8.8,544.0,3.6,45.0
18,01-02-2013,14.0,30.35,8.42,504.0,3.6,53.0
19,07-02-2013,13.0,330.0,8.4,542.0,5.5,95.0
20,09-02-2013,13.0,202.0,8.35,496.0,3.6,78.0
21,12-02-2013,14.0,94.0,8.44,560.0,4.8,82.0
22,13-02-2013,12.0,89.0,8.25,338.0,2.5,75.0
23,14-02-2013,14.0,70.0,8.53,378.0,3.6,78.0
24,15-02-2013,13.5,74.7,8.42,404.0,3.7,63.0
25,16-02-2013,14.0,52.7,8.36,396.0,4.8,55.0
26,18-02-2013,13.0,60.0,8.46,438.0,4.8,70.0
27,19-02-2013,14.0,50.2,8.41,390.0,2.0,40.0
28,20-02-2013,12.0,55.2,8.24,342.0,2.3,50.0
29,22-02-2013,12.0,45.26,8.12,296.0,2.4,30.0
30,23-02-2013,13.0,49.15,8.4,370.0,3.3,40.0
31,26-02-2013,12.0,35.2,8.25,384.0,2.7,73.0
32,27-02-2013,12.0,40.7,8.3,360.0,2.1,54.0
33,28-02-2013,12.0,43.2,8.08,408.0,2.7,60.0
34,02-03-2013,13.0,48.0,8.15,426.0,2.8,80.0
35,03-03-2013,14.0,54.0,8.15,438.0,2.3,73.0
36,04-03-2013,13.0,38.0,8.25,498.0,2.8,38.0
37,06-03-2013,16.0,45.0,8.18,390.0,2.8,48.0
38,08-03-2013,16.0,42.0,8.35,438.0,2.7,58.0
39,11-03-2013,16.0,54.0,8.2,408.0,2.2,55.0
40,14-03-2013,17.0,98.0,8.35,378.0,3.9,70.0
41,19-03-2013,16.0,50.0,8.18,3398.0,2.4,70.0
42,20-03-2013,16.0,60.0,8.4,460.0,3.3,72.0
43,21-03-2013,15.0,54.0,8.1,428.0,3.2,43.0
44,22-03-2013,16.0,38.0,8.24,398.0,3.8,72.0
45,23-03-2013,16.0,48.0,8.3,454.0,2.9,80.0
46,24-03-2013,16.0,64.2,8.3,494.0,2.3,70.0
47,26-03-2013,16.0,64.2,8.9,418.0,2.9,68.0
48,27-03-2013,16.0,52.7,8.18,396.0,2.7,73.0
49,28-03-2013,16.0,63.0,8.25,418.0,2.3,60.0
50,29-03-2013,13.0,40.0,8.45,470.0,2.3,75.0
51,05-04-2013,14.0,8.0,8.2,307.0,3.1,40.0
52,07-04-2013,16.0,16.2,8.7,336.0,3.5,47.0
53,11-04-2013,18.7,7.2,8.54,465.0,5.0,32.0
54,12-04-2013,18.0,12.7,8.4,370.0,3.7,45.0
55,14-04-2013,19.0,16.78,8.36,364.0,4.6,35.0
56,15-04-2013,19.0,18.25,8.54,324.0,4.5,40.0
57,16-04-2013,20.0,14.76,8.4,338.0,4.7,54.0
58,17-04-2013,19.0,12.7,8.56,390.0,3.6,60.0
59,19-04-2013,20.0,8.2,8.2,310.0,2.1,51.0
60,20-04-2013,21.0,9.12,8.17,341.0,2.4,50.0
61,24-04-2013,19.0,13.7,8.3,460.0,3.7,160.0
62,25-04-2013,20.0,17.25,8.4,440.0,4.7,38.0
63,28-04-2013,20.0,10.3,8.36,490.0,4.8,54.0
64,30-04-2013,18.0,12.0,8.18,470.0,4.9,43.0
65,03-05-2013,19.0,13.2,8.21,496.0,4.2,35.0
66,07-05-2013,19.0,14.2,8.48,490.0,4.5,36.0
67,11-05-2013,21.5,8.0,8.4,430.0,2.6,32.0
68,14-05-2013,22.0,16.7,8.3,490.0,3.7,42.0
69,16-05-2013,20.0,19.7,8.14,426.0,4.2,45.0
70,17-05-2013,24.0,17.0,8.05,404.0,4.7,40.0
71,18-05-2013,23.0,20.0,8.7,414.0,4.5,33.0
72,21-05-2013,24.0,17.48,8.14,420.0,4.9,45.0
73,24-05-2013,24.0,12.7,8.2,390.0,3.7,35.0
74,27-05-2013,26.0,19.2,8.4,330.0,2.6,60.0
75,28-05-2013,24.0,16.7,8.15,446.0,3.4,57.0
76,30-05-2013,27.0,20.28,8.4,480.0,2.4,35.0
77,01-06-2013,24.0,23.2,8.24,448.0,4.6,60.0
78,02-06-2013,23.0,21.7,8.1,418.0,4.5,43.0
79,03-06-2013,24.0,22.0,8.56,448.0,4.9,57.0
80,04-06-2013,24.0,26.0,8.3,490.0,3.9,60.0
81,05-06-2013,24.0,21.2,8.46,310.0,2.6,21.0
82,08-06-2013,29.0,23.0,8.4,446.0,2.9,55.0
83,10-06-2013,26.0,25.12,8.31,240.0,2.9,25.0
84,11-06-2013,24.0,26.12,8.16,310.0,2.3,40.0
85,12-06-2013,26.0,24.2,8.4,290.0,2.4,30.0
86,14-06-2013,26.0,28.34,8.9,428.0,2.7,45.0
87,15-06-2013,26.0,30.7,8.15,394.0,2.6,53.0
88,17-06-2013,26.0,31.16,8.12,301.0,2.6,25.0
89,18-06-2013,26.0,33.16,8.94,310.0,2.6,26.0
90,19-06-2013,27.0,28.12,8.46,310.0,2.6,28.0
91,20-06-2013,28.0,33.26,8.37,400.0,3.6,45.0
92,21-06-2013,29.0,36.0,8.7,468.0,2.9,60.0
93,22-06-2013,29.0,32.0,8.15,430.0,3.4,48.0
94,23-06-2013,28.0,26.34,8.35,342.0,3.4,54.0
95,25-06-2013,24.0,29.25,8.3,470.0,2.6,38.0
96,27-06-2013,26.0,30.2,8.15,396.0,2.6,40.0
97,29-06-2013,26.0,102.0,8.9,432.0,3.3,51.0
98,01-07-2013,26.0,80.0,8.18,484.0,3.3,58.0
99,03-07-2013,26.0,60.0,8.4,398.0,3.9,60.0
100,04-07-2013,26.0,55.0,8.3,336.0,3.3,52.0
101,07-07-2013,30.0,60.0,8.2,360.0,3.7,70.0
102,08-07-2013,30.0,70.2,8.4,404.0,3.3,64.0
103,09-07-2013,30.0,127.0,8.51,450.0,3.9,70.0
104,12-07-2013,29.0,132.0,8.4,478.0,3.4,70.0
105,14-07-2013,29.0,70.0,8.4,460.0,3.9,90.0
106,16-07-2013,29.0,127.0,8.45,444.0,4.5,78.0
107,19-07-2013,29.0,60.0,8.45,390.0,4.9,70.0
108,22-07-2013,28.0,168.0,8.5,510.0,4.2,65.0
109,24-07-2013,29.0,136.0,8.3,470.0,4.5,75.0
110,25-07-2013,29.0,242.0,8.45,480.0,4.3,60.0
111,30-07-2013,29.0,53.0,8.35,376.0,4.9,80.0
112,02-08-2013,29.0,110.0,8.52,490.0,4.9,67.0
113,08-08-2013,27.0,50.0,8.35,338.0,4.3,55.0
114,10-08-2013,27.0,30.0,8.35,448.0,4.1,70.0
115,12-08-2013,28.0,48.0,8.5,490.0,4.4,55.0
116,15-08-2013,29.0,320.0,8.3,468.0,4.8,70.0
117,16-08-2013,29.0,205.0,8.78,490.0,4.5,65.0
118,18-08-2013,28.0,130.0,8.4,468.0,4.3,60.0
119,19-08-2013,28.0,114.0,8.25,396.0,4.8,90.0
120,21-08-2013,28.0,195.0,8.28,470.0,4.3,60.0
121,23-08-2013,28.0,90.0,8.2,470.0,4.9,78.0
122,24-08-2013,28.0,96.0,8.4,426.0,4.5,60.0
123,25-08-2013,28.0,78.0,8.3,448.0,4.8,73.0
124,28-08-2013,28.0,54.0,8.3,435.0,4.1,73.0
125,02-09-2013,28.0,42.0,8.3,418.0,4.5,60.0
126,03-09-2013,27.0,39.0,8.42,412.0,4.1,64.0
127,05-09-2013,27.0,38.0,8.21,434.0,4.7,45.0
128,06-09-2013,27.0,35.0,8.45,418.0,4.2,42.0
129,07-09-2013,27.0,32.0,8.2,414.0,4.5,35.0
130,09-09-2013,27.0,22.0,8.14,416.0,4.1,53.0
131,11-09-2013,27.0,40.0,8.35,440.0,3.9,65.0
132,16-09-2013,25.3,48.0,8.14,441.0,2.7,53.0
133,18-09-2013,25.0,41.2,8.4,412.0,2.6,56.0
134,19-09-2013,25.0,38.0,8.38,416.0,2.3,45.0
135,21-09-2013,26.0,30.0,8.23,446.0,3.9,38.0
136,23-09-2013,25.0,25.0,8.78,426.0,3.7,35.0
137,24-09-2013,25.3,26.16,8.49,430.0,3.4,40.0
138,25-09-2013,25.0,23.0,8.23,394.0,3.8,35.0
139,26-09-2013,26.0,20.0,8.21,442.0,3.2,47.0
140,30-09-2013,26.0,21.0,8.24,418.0,2.7,45.0
141,03-10-2013,26.0,9.2,8.85,551.0,2.3,45.0
142,05-10-2013,26.0,15.0,8.35,398.0,2.7,32.0
143,06-10-2013,26.0,10.0,8.1,420.0,3.1,45.0
144,07-10-2013,26.0,12.0,8.41,396.0,2.7,38.0
145,08-10-2013,26.0,15.0,8.14,436.0,2.2,48.0
146,11-10-2013,28.0,15.0,8.23,404.0,2.5,38.0
147,14-10-2013,28.0,18.2,8.2,458.0,3.5,60.0
148,16-10-2013,21.0,11.0,8.16,350.0,2.4,46.0
149,17-10-2013,22.0,11.2,8.2,340.0,2.4,50.0
150,18-10-2013,21.0,9.2,8.24,400.0,2.3,40.0
151,20-10-2013,20.0,17.0,8.11,402.0,2.6,49.0
152,21-10-2013,23.0,14.0,8.25,398.0,1.7,33.0
153,22-10-2013,23.1,16.0,8.13,436.0,1.6,30.0
154,23-10-2013,18.0,12.0,8.16,410.0,2.4,40.0
155,27-10-2013,21.0,19.0,8.41,460.0,2.1,35.0
156,28-10-2013,21.0,21.0,8.23,408.0,2.8,43.0
157,29-10-2013,21.0,20.0,8.28,460.0,2.1,48.0
158,01-11-2013,21.0,27.0,8.2,426.0,2.1,60.0
159,02-11-2013,20.0,31.0,8.48,460.0,2.9,42.0
160,28-11-2013,16.5,29.0,8.34,614.0,6.6,25.0
161,29-11-2013,15.8,30.0,8.29,390.0,4.5,90.0
162,30-11-2013,16.0,27.0,8.12,392.0,3.8,75.0
163,01-12-2013,16.0,29.0,8.16,396.0,3.9,60.0
164,03-12-2013,15.0,33.0,8.15,394.0,5.8,38.0
165,05-12-2013,15.0,28.0,8.18,406.0,5.7,45.0
166,06-12-2013,15.0,34.0,8.5,430.0,5.3,52.0
167,07-12-2013,15.0,31.0,8.21,372.0,5.8,95.0
168,08-12-2013,15.0,32.0,8.23,363.0,2.6,60.0
169,10-12-2013,14.8,33.0,8.4,380.0,5.8,62.0
170,11-12-2013,14.8,38.0,8.15,418.0,5.3,68.0
171,13-12-2013,13.9,32.0,8.42,382.0,5.8,49.0
172,15-12-2013,13.0,32.0,8.22,340.0,4.2,38.0
173,16-12-2013,14.0,32.0,8.3,380.0,4.9,24.0
174,20-12-2013,12.9,23.0,8.27,340.0,4.8,43.0
175,21-12-2013,12.7,21.0,8.18,368.0,4.3,75.0
176,23-12-2013,13.0,25.0,8.21,418.0,4.5,56.0
177,24-12-2013,13.0,28.0,8.3,425.0,4.1,49.0
178,25-12-2013,13.0,26.0,8.18,408.0,3.8,52.0
179,28-12-2013,11.0,23.0,8.4,436.0,4.5,55.0
180,29-12-2013,11.0,19.7,8.05,370.0,3.8,60.0
181,01-01-2014,10.0,26.0,8.42,460.0,4.5,53.0
182,02-01-2014,10.0,26.0,8.23,384.0,4.8,35.0
183,03-01-2014,10.0,28.0,8.45,456.0,4.3,47.0
184,06-01-2014,10.0,21.0,8.07,338.0,3.8,60.0
185,08-01-2014,10.0,23.0,8.27,328.0,3.9,43.0
186,09-01-2014,10.0,25.0,8.4,360.0,4.2,45.0
187,10-01-2014,10.0,21.0,8.1,388.0,3.8,38.0
188,11-01-2014,10.0,27.0,8.29,418.0,3.8,64.0
189,12-01-2014,11.0,23.0,8.41,410.0,2.6,40.0
190,13-01-2014,10.0,21.0,8.38,420.0,2.6,70.0
191,14-01-2014,11.0,20.0,8.4,412.0,2.8,38.0
192,15-01-2014,11.0,23.7,8.2,334.0,3.3,48.0
193,16-01-2014,11.0,18.0,8.41,386.0,3.5,42.0
194,17-01-2014,11.0,19.0,8.21,426.0,3.7,52.0
195,18-01-2014,11.0,22.0,8.41,342.0,3.6,27.0
196,19-01-2014,13.0,20.0,8.5,350.0,3.1,30.0
197,20-01-2014,11.0,18.2,8.3,386.0,3.5,37.0
198,21-01-2014,11.0,12.0,8.41,418.0,3.3,42.0
199,22-01-2014,12.5,15.0,8.9,340.0,3.8,65.0
200,23-01-2014,12.0,7.0,8.02,320.0,2.6,48.0
201,24-01-2014,11.0,15.0,8.4,398.0,2.8,37.0
202,25-01-2014,11.0,13.0,8.31,346.0,3.3,31.0
203,26-01-2014,12.3,8.12,8.12,360.0,2.6,29.0
204,27-01-2014,11.0,13.0,8.35,344.0,2.7,38.0
205,28-01-2014,21.0,11.0,8.09,318.0,3.4,47.0
206,29-01-2014,21.0,12.0,8.4,396.0,3.5,52.0
207,31-01-2014,21.0,17.0,8.42,356.0,3.4,55.0
208,01-02-2014,16.0,14.0,8.35,366.0,3.6,55.0
209,02-02-2014,16.0,12.8,8.28,360.0,2.8,35.0
210,03-02-2014,13.0,19.35,8.54,352.0,3.4,41.0
211,04-02-2014,13.0,13.0,8.15,390.0,3.7,35.0
212,05-02-2014,12.2,9.2,8.2,400.0,2.8,47.0
213,06-02-2014,13.0,14.0,8.48,362.0,3.7,62.0
214,07-02-2014,13.0,18.0,8.44,396.0,3.6,55.0
215,08-02-2014,14.0,16.0,8.26,368.0,3.3,48.0
216,09-02-2014,12.0,12.0,8.7,340.0,2.8,33.0
217,10-02-2014,12.0,17.0,8.32,392.0,3.3,43.0
218,11-02-2014,13.0,15.0,8.52,382.0,3.6,38.0
219,12-02-2014,13.0,14.0,8.34,356.0,3.5,44.0
220,13-02-2014,13.0,19.0,8.51,394.0,3.7,55.0
221,14-02-2014,13.0,18.0,8.23,346.0,3.5,59.0
222,15-02-2014,13.0,14.28,8.42,358.0,3.6,44.0
223,16-02-2014,13.0,18.0,8.9,394.0,3.5,54.0
224,17-02-2014,13.0,15.9,8.29,362.0,3.7,45.0
225,18-02-2014,13.0,20.0,8.44,398.0,3.8,48.0
226,19-02-2014,13.0,17.0,8.35,384.0,3.7,42.0
227,20-02-2014,13.0,13.8,8.7,410.0,3.6,40.0
228,21-02-2014,14.0,20.0,8.42,388.0,3.5,32.0
229,22-02-2014,14.0,17.9,8.22,328.0,3.2,46.0
230,23-02-2014,14.0,21.0,8.26,334.0,3.9,52.0
231,24-02-2014,15.0,20.0,8.43,370.0,3.7,60.0
232,25-02-2014,16.0,19.2,8.29,396.0,3.6,63.0
233,26-02-2014,14.0,17.0,8.4,360.0,3.8,32.0
234,27-02-2014,14.0,21.0,8.38,360.0,3.5,40.0
235,28-02-2014,15.0,19.0,8.22,398.0,3.7,55.0
236,01-03-2014,14.0,22.0,8.5,418.0,3.8,54.0
237,02-03-2014,15.0,19.0,8.26,394.0,3.4,48.0
238,03-03-2014,15.0,20.0,8.34,362.0,3.8,32.0
239,04-03-2014,15.0,18.0,8.4,340.0,3.6,40.0
240,05-03-2014,18.0,18.16,8.38,330.0,2.8,30.0
241,06-03-2014,20.0,16.0,8.4,344.0,3.1,32.0
242,07-03-2014,20.2,15.0,8.32,373.0,3.1,35.0
243,08-03-2014,11.8,8.02,8.15,395.0,2.8,68.0
244,09-03-2014,21.0,7.4,8.07,340.0,2.6,40.0
245,10-03-2014,21.4,8.2,8.16,338.0,2.8,37.0
246,11-03-2014,18.0,17.0,8.41,384.0,2.7,48.0
247,12-03-2014,14.0,18.0,8.54,326.0,3.6,83.0
248,13-03-2014,17.0,60.0,8.46,398.0,3.9,32.0
249,15-03-2014,17.0,67.0,8.32,404.0,3.2,52.0
250,16-03-2014,17.0,53.0,8.46,344.0,3.4,59.0
251,17-03-2014,17.0,45.0,8.24,362.0,3.7,48.0
252,19-03-2014,20.0,56.0,8.25,408.0,3.6,65.0
253,20-03-2014,20.0,84.0,8.47,392.0,3.3,80.0
254,21-03-2014,20.0,35.0,8.27,394.0,3.9,70.0
255,22-03-2014,20.0,32.0,8.38,360.0,3.6,62.0
256,23-03-2014,14.0,40.0,8.2,378.0,3.7,52.0
257,25-03-2014,16.0,27.0,8.14,334.0,3.7,38.0
258,26-03-2014,17.0,35.0,8.29,396.0,3.8,46.0
259,27-03-2014,16.0,43.0,8.32,348.0,3.3,82.0
260,28-03-2014,17.0,43.0,8.2,386.0,3.9,57.0
261,29-03-2014,17.0,48.0,8.84,398.0,3.8,62.0
262,30-03-2014,17.0,42.0,8.26,362.0,3.6,60.0
263,31-03-2014,20.0,35.0,8.32,384.0,3.3,55.0
264,01-04-2014,22.0,52.0,8.22,398.0,3.7,62.0
265,02-04-2014,22.0,46.0,8.32,390.0,3.6,38.0
266,03-04-2014,22.0,22.7,8.41,354.0,3.8,55.0
267,04-04-2014,23.0,28.0,8.2,336.0,3.4,30.0
268,05-04-2014,24.0,27.2,8.25,358.0,2.8,28.0
269,06-04-2014,21.0,21.53,8.23,352.0,2.3,38.0
270,07-04-2014,21.0,28.0,8.4,360.0,3.2,43.0
271,08-04-2014,22.0,30.0,8.18,390.0,3.5,52.0
272,09-04-2014,22.0,13.0,8.1,340.0,3.4,34.0
273,11-04-2014,20.0,17.0,8.3,390.0,2.3,86.0
274,12-04-2014,25.0,20.0,8.12,385.0,3.1,45.0
275,14-04-2014,19.0,20.0,8.33,342.0,3.3,32.0
276,15-04-2014,20.0,22.0,8.18,386.0,3.5,88.0
277,16-04-2014,22.0,25.0,8.3,356.0,3.6,42.0
278,17-04-2014,22.0,21.0,8.25,390.0,3.9,40.0
279,18-04-2014,21.0,18.0,8.14,346.0,3.6,32.0
280,19-04-2014,19.0,23.0,8.42,396.0,3.8,45.0
281,20-04-2014,19.0,25.0,8.38,372.0,3.5,49.0
282,21-04-2014,20.0,21.0,8.2,346.0,3.4,52.0
283,22-04-2014,19.0,20.0,8.14,368.0,3.8,41.0
284,24-04-2014,20.0,30.0,8.35,396.0,3.7,56.0
285,25-04-2014,20.0,28.0,8.32,384.0,3.6,92.0
286,26-04-2014,20.0,24.0,8.16,360.0,2.8,39.0
287,27-04-2014,20.0,28.0,8.41,396.0,3.3,28.0
288,28-04-2014,19.0,25.0,8.31,378.0,3.4,32.0
289,29-04-2014,25.0,30.0,8.28,374.0,3.4,44.0
290,30-04-2014,25.0,29.0,8.41,356.0,3.9,63.0
291,01-05-2014,28.0,28.0,8.15,396.0,3.5,42.0
292,02-05-2014,28.0,25.0,8.35,370.0,3.6,49.0
293,03-05-2014,28.0,11.0,8.22,372.0,3.3,55.0
294,04-05-2014,28.0,22.0,8.4,386.0,3.8,60.0
295,05-05-2014,28.0,27.0,8.22,364.0,3.7,44.0
296,06-05-2014,28.0,30.0,8.15,382.0,3.5,32.0
297,07-05-2014,28.0,35.0,8.41,398.0,3.9,39.0
298,08-05-2014,28.0,27.0,8.21,384.0,3.5,44.0
299,09-05-2014,29.0,22.0,8.1,372.0,3.4,51.0
300,10-05-2014,29.0,35.0,8.27,438.0,3.8,46.0
301,11-05-2014,29.0,32.0,8.3,430.0,2.6,40.0
302,13-05-2014,29.0,27.0,8.2,430.0,3.1,50.0
303,14-05-2014,30.0,24.0,8.14,396.0,2.9,49.0
304,15-05-2014,30.0,26.0,8.18,360.0,2.6,40.0
305,16-05-2014,28.0,24.0,8.2,340.0,2.8,48.0
306,17-05-2014,29.0,26.0,8.16,360.0,2.8,36.0
307,18-05-2014,30.0,24.0,8.2,340.0,2.8,40.0
308,19-05-2014,30.0,28.0,8.12,370.0,2.1,32.0
309,20-05-2014,30.0,25.0,8.3,360.0,2.8,49.0
310,21-05-2014,30.0,26.0,8.18,360.0,2.8,40.0
311,22-05-2014,28.0,30.0,8.46,460.0,2.2,30.0
312,23-05-2014,30.0,28.0,8.14,360.0,1.8,28.0
313,24-05-2014,30.0,26.0,8.2,330.0,2.3,40.0
314,25-05-2014,28.0,26.0,8.12,360.0,2.8,32.0
315,26-05-2014,28.0,29.0,8.18,344.0,2.4,42.0
316,27-05-2014,28.0,40.0,8.33,372.0,3.3,49.0
317,28-05-2014,28.0,22.0,8.15,396.0,3.6,42.0
318,29-05-2014,28.0,26.0,8.2,360.0,2.2,40.0
319,30-05-2014,28.0,29.0,8.32,394.0,2.9,42.0
320,31-05-2014,28.0,26.0,8.19,364.0,3.7,46.0
321,01-06-2014,28.0,33.0,8.24,394.0,3.8,56.0
322,02-06-2014,22.0,26.0,8.11,380.0,3.4,53.0
323,03-06-2014,28.0,22.0,8.23,392.0,3.6,84.0
324,04-06-2014,28.0,20.0,8.31,374.0,3.5,39.0
325,05-06-2014,20.0,25.0,8.16,392.0,3.8,64.0
326,06-06-2014,28.0,28.0,8.27,374.0,3.7,42.0
327,07-06-2014,28.0,29.0,8.31,344.0,3.8,48.0
328,08-06-2014,28.0,22.0,8.14,350.0,2.8,37.0
329,09-06-2014,28.0,29.0,8.2,360.0,3.8,35.0
330,10-06-2014,28.0,22.0,8.15,340.0,3.4,42.0
331,11-06-2014,28.0,20.0,8.25,388.0,3.7,33.0
332,12-06-2014,28.0,25.0,8.33,378.0,3.6,45.0
333,13-06-2014,28.0,20.0,8.15,396.0,3.5,48.0
334,14-06-2014,28.0,26.0,8.23,390.0,3.9,40.0
335,15-06-2014,28.0,23.0,8.22,388.0,3.5,45.0
336,16-06-2014,28.0,20.0,8.35,368.0,3.8,58.0
337,17-06-2014,28.0,22.0,8.22,392.0,3.5,35.0
338,18-06-2014,26.0,26.0,7.38,444.0,3.8,44.0
339,19-06-2014,26.0,23.0,8.08,440.0,3.4,35.0
340,20-06-2014,26.0,18.0,8.18,398.0,3.5,48.0
341,21-06-2014,26.0,23.0,8.25,420.0,3.8,56.0
342,22-06-2014,24.0,16.0,8.32,476.0,2.9,40.0
343,23-06-2014,22.0,18.0,8.16,456.0,2.6,38.0
344,24-06-2014,23.0,21.0,8.35,398.0,3.6,48.0
345,25-06-2014,23.0,18.0,3.27,394.0,3.9,32.0
346,26-06-2014,23.0,20.0,8.09,398.0,3.8,47.0
347,27-06-2014,23.0,18.0,8.24,416.0,3.2,30.0
348,28-06-2014,23.0,16.0,8.08,436.0,3.5,38.0
349,29-06-2014,24.0,19.0,8.23,348.0,3.6,42.0
350,30-06-2014,24.0,21.0,8.3,374.0,3.6,33.0
351,01-07-2014,25.0,20.0,8.06,404.0,3.6,42.0
352,02-07-2014,25.0,25.0,8.22,436.0,3.8,28.0
353,03-07-2014,25.0,19.0,8.07,408.0,3.6,42.0
354,04-07-2014,25.0,21.0,8.1,442.0,3.4,59.0
355,05-07-2014,26.0,25.0,8.15,435.0,3.5,56.0
356,06-07-2014,26.0,22.0,8.25,432.0,3.6,37.0
357,07-07-2014,26.0,19.0,8.22,398.0,3.7,46.0
358,08-07-2014,27.0,16.0,8.16,360.0,3.2,42.0
359,09-07-2014,27.0,18.0,8.35,398.0,3.7,32.0
360,10-07-2014,29.0,21.0,8.41,410.0,3.4,35.0
361,11-07-2014,28.0,17.0,8.19,436.0,3.8,39.0
362,12-07-2014,28.0,20.0,8.32,396.0,3.8,115.0
363,13-07-2014,28.0,25.0,8.15,368.0,3.3,90.0
364,14-07-2014,28.0,28.0,8.44,408.0,3.9,67.0
365,15-07-2014,28.0,22.0,8.23,370.0,3.6,60.0
366,16-07-2014,27.0,25.0,8.25,408.0,3.8,72.0
367,17-07-2014,27.0,19.0,8.41,386.0,3.4,80.0
368,18-07-2014,27.0,25.0,8.32,396.0,3.8,58.0
369,19-07-2014,26.0,23.0,8.11,410.0,3.6,47.0
370,20-07-2014,28.0,22.0,8.7,424.0,3.7,55.0
371,21-07-2014,27.0,28.0,8.25,548.0,3.3,64.0
372,22-07-2014,27.0,23.0,8.4,448.0,3.6,52.0
373,23-07-2014,27.0,20.0,8.22,396.0,3.7,69.0
374,24-07-2014,26.0,30.0,8.22,374.0,3.8,56.0
375,25-07-2014,26.0,26.0,8.15,396.0,3.5,60.0
376,26-07-2014,26.0,22.0,8.18,410.0,2.9,67.0
377,27-07-2014,26.0,25.0,8.12,440.0,2.3,48.0
378,28-07-2014,26.0,23.0,8.15,428.0,3.2,67.0
379,29-07-2014,26.0,25.0,8.35,406.0,3.6,57.0
380,30-07-2014,26.0,28.0,8.28,430.0,3.7,45.0
381,31-07-2014,27.0,20.0,8.19,386.0,3.3,67.0
382,01-08-2014,27.0,23.0,8.32,396.0,3.6,60.0
383,02-08-2014,27.0,25.0,8.1,402.0,3.5,53.0
384,03-08-2014,27.0,20.0,8.26,420.0,3.6,62.0
385,04-08-2014,28.0,26.0,8.46,410.0,2.7,75.0
386,05-08-2014,28.0,23.0,8.15,436.0,3.5,62.0
387,06-08-2014,27.0,25.0,8.23,396.0,3.6,55.0
388,07-08-2014,27.0,22.0,8.25,426.0,3.3,62.0
389,08-08-2014,27.0,21.0,8.14,396.0,3.4,45.0
390,09-08-2014,26.0,25.0,8.3,406.0,3.7,52.0
391,10-08-2014,26.0,27.0,8.38,396.0,3.5,58.0
392,12-08-2014,28.0,27.0,8.31,474.0,3.3,56.0
393,13-08-2014,29.0,29.0,8.51,460.0,3.4,94.0
394,14-08-2014,29.0,26.0,8.25,392.0,3.6,60.0
395,15-08-2014,28.0,20.0,8.16,408.0,3.2,63.0
396,16-08-2014,28.0,23.0,8.35,420.0,3.6,73.0
397,17-08-2014,28.0,30.0,8.26,438.0,3.3,58.0
398,18-08-2014,28.0,29.0,8.25,416.0,3.6,66.0
399,19-08-2014,28.0,27.0,8.35,392.0,3.2,60.0
400,20-08-2014,29.0,30.0,8.51,412.0,3.4,67.0
401,21-08-2014,29.0,28.0,8.2,386.0,3.6,52.0
402,22-08-2014,29.0,25.0,8.23,438.0,3.6,62.0
403,23-08-2014,29.0,28.0,8.32,404.0,3.5,75.0
404,24-08-2014,29.0,27.0,8.32,430.0,3.6,80.0
405,25-08-2014,29.0,30.0,8.22,448.0,3.3,53.0
406,26-08-2014,29.0,26.0,8.2,396.0,3.7,62.0
407,27-08-2014,29.0,27.0,8.29,382.0,3.6,70.0
408,28-08-2014,29.0,30.0,8.41,406.0,3.5,73.0
409,29-08-2014,29.0,31.0,8.42,452.0,3.9,62.0
410,30-08-2014,29.0,27.0,8.32,416.0,3.5,72.0
411,31-08-2014,29.0,30.0,8.22,412.0,3.7,56.0
412,01-09-2014,29.0,32.0,8.41,442.0,3.3,67.0
413,02-09-2014,29.0,33.0,8.34,438.0,3.8,72.0
414,03-09-2014,29.0,45.0,8.38,470.0,3.4,84.0
415,04-09-2014,28.0,42.0,8.3,418.0,3.6,81.0
416,05-09-2014,26.0,145.0,8.15,401.0,3.7,79.0
417,06-09-2014,26.0,75.0,8.23,362.0,3.4,82.0
418,07-09-2014,27.0,70.0,8.41,396.0,3.5,93.0
419,08-09-2014,27.0,60.0,8.18,364.0,3.7,57.0
420,10-09-2014,27.0,70.0,8.3,428.0,3.5,58.0
421,11-09-2014,27.0,52.0,8.3,460.0,3.9,67.0
422,12-09-2014,27.0,47.0,8.27,426.0,3.5,70.0
423,13-09-2014,27.0,58.0,8.3,458.0,3.8,62.0
424,14-09-2014,27.0,46.0,8.36,398.0,3.5,53.0
425,15-09-2014,27.0,42.0,8.24,384.0,3.7,95.0
426,16-09-2014,27.0,38.0,8.36,416.0,3.8,66.0
427,17-09-2014,27.0,40.0,8.18,430.0,3.6,48.0
428,18-09-2014,27.0,43.0,8.34,442.0,3.7,55.0
429,19-09-2014,27.0,35.0,8.14,396.0,3.8,48.0
430,20-09-2014,27.0,32.0,8.26,418.0,3.5,63.0
431,21-09-2014,27.0,28.0,8.09,400.0,3.1,56.0
432,22-09-2014,27.0,26.0,8.28,446.0,2.6,60.0
433,23-09-2014,27.0,25.3,8.09,396.0,3.4,73.0
434,24-09-2014,27.0,28.0,8.31,402.0,3.6,54.0
435,25-09-2014,27.0,22.0,8.42,436.0,3.4,68.0
436,26-09-2014,27.0,20.0,8.24,392.0,3.8,52.0
437,27-09-2014,27.0,22.0,8.22,424.0,3.4,35.0
438,28-09-2014,27.0,23.0,8.28,440.0,2.7,43.0
439,29-09-2014,24.7,18.0,7.96,351.0,3.7,47.0
440,30-09-2014,24.0,18.0,8.1,372.0,3.3,57.0
441,01-10-2014,24.0,22.0,8.24,396.0,3.6,62.0
442,02-10-2014,24.0,19.0,8.31,378.0,3.5,54.0
443,03-10-2014,24.0,20.0,8.19,396.0,3.6,43.0
444,04-10-2014,24.4,18.0,7.91,630.0,3.3,56.0
445,05-10-2014,25.3,21.0,7.86,540.0,3.1,60.0
446,06-10-2014,25.0,18.0,7.46,570.0,2.9,40.0
447,07-10-2014,25.0,21.0,7.98,540.0,2.1,38.0
448,08-10-2014,25.0,20.0,7.86,600.0,2.9,31.0
449,09-10-2014,25.0,18.0,8.01,598.0,3.4,31.0
450,10-10-2014,25.0,22.0,7.96,610.0,2.4,38.0
451,11-10-2014,25.0,18.0,7.85,596.0,2.7,35.0
452,12-10-2014,25.0,20.0,7.9,590.0,2.6,35.0
453,13-10-2014,24.0,17.0,8.08,586.0,2.8,42.0
454,14-10-2014,24.0,22.0,7.92,620.0,2.4,54.0
455,15-10-2014,23.0,19.0,7.84,596.0,2.8,57.0
456,16-10-2014,23.0,16.0,8.1,638.0,2.9,63.0
457,17-10-2014,22.0,16.0,7.64,564.0,2.5,42.0
458,18-10-2014,22.0,21.0,7.88,670.0,2.8,33.0
459,19-10-2014,24.0,20.0,7.4,600.0,2.4,39.0
460,20-10-2014,23.0,23.4,7.92,630.0,2.8,48.0
461,21-10-2014,22.9,15.2,7.83,624.0,2.9,39.0
462,22-10-2014,22.0,20.0,7.93,656.0,2.3,32.0
463,23-10-2014,22.0,19.0,7.6,560.0,2.9,36.0
464,24-10-2014,22.0,16.0,7.84,638.0,3.2,32.0
465,25-10-2014,21.0,18.0,8.18,786.0,3.6,40.0
466,26-10-2014,21.0,20.0,7.99,580.0,2.9,31.0
467,27-10-2014,21.0,22.0,7.86,548.0,2.5,53.0
468,28-10-2014,21.0,19.0,7.72,596.0,2.8,46.0
469,29-10-2014,21.0,17.0,7.35,570.0,2.5,53.0
470,30-10-2014,21.0,22.0,7.82,610.0,2.9,42.0
471,31-10-2014,21.0,16.0,7.44,560.0,2.8,48.0
472,01-11-2014,21.0,18.0,7.56,584.0,2.6,50.0
473,02-11-2014,21.0,19.0,7.86,512.0,2.8,46.0
474,03-11-2014,21.0,20.0,7.95,540.0,3.4,31.0
475,04-11-2014,21.0,18.0,7.71,500.0,2.8,40.0
476,05-11-2014,21.0,22.0,7.93,566.0,2.5,32.0
477,06-11-2014,20.0,20.0,7.45,592.0,2.8,39.0
478,07-11-2014,20.0,16.0,7.54,546.0,2.8,36.0
479,08-11-2014,20.0,21.0,7.95,644.0,2.7,97.0
480,09-11-2014,20.0,23.0,7.32,596.0,2.8,59.0
481,10-11-2014,20.0,19.0,7.43,562.0,2.5,39.0
482,11-11-2014,20.0,22.0,7.6,584.0,2.8,47.0
483,12-11-2014,20.0,24.0,7.46,598.0,2.2,53.0
484,13-11-2014,20.0,18.0,7.33,546.0,2.8,59.0
485,14-11-2014,20.0,17.0,7.35,596.0,2.5,40.0
486,15-11-2014,20.0,18.0,7.4,500.0,2.8,47.0
487,16-11-2014,20.0,21.0,7.27,538.0,2.5,52.0
488,17-11-2014,170.0,16.2,8.38,546.0,2.8,237.0
489,18-11-2014,17.0,16.2,8.18,718.0,2.4,108.0
490,19-11-2014,16.9,17.32,8.01,604.0,2.4,162.0
491,20-11-2014,16.0,14.2,7.99,548.0,2.8,105.0
492,21-11-2014,16.0,18.0,7.82,584.0,2.7,132.0
493,22-11-2014,16.0,20.0,7.48,538.0,2.9,117.0
494,23-11-2014,16.0,18.0,7.49,543.0,2.9,135.0
495,24-11-2014,16.0,17.0,7.68,588.0,2.8,183.0
496,25-11-2014,16.0,15.0,7.93,596.0,2.4,156.0
497,26-11-2014,16.0,18.0,7.44,566.0,2.7,192.0
498,27-11-2014,16.0,20.0,7.86,598.0,2.5,156.0
499,28-11-2014,15.0,17.0,7.92,630.0,2.7,142.0
500,29-11-2014,15.7,16.0,8.24,520.0,2.5,137.0
501,30-11-2014,15.0,17.0,8.28,518.0,2.8,153.0
502,01-12-2014,15.0,15.3,8.28,572.0,2.6,205.0
503,02-12-2014,15.0,19.0,8.14,614.0,2.7,196.0
504,03-12-2014,15.0,16.0,8.28,754.0,2.6,215.0
505,04-12-2014,15.0,18.0,8.3,700.0,2.4,139.0
506,05-12-2014,15.0,22.0,7.82,638.0,2.8,159.0
507,06-12-2014,14.0,17.0,8.22,606.0,2.7,148.0
508,07-12-2014,15.0,20.0,8.25,590.0,2.3,139.0
509,08-12-2014,14.0,16.0,8.33,790.0,2.8,130.0
510,09-12-2014,14.0,18.13,8.15,680.0,2.6,183.0
511,10-12-2014,14.0,16.48,8.47,610.0,2.5,162.0
512,11-12-2014,14.0,19.0,8.25,684.0,2.6,215.0
513,12-12-2014,14.0,16.0,8.35,596.0,2.8,103.0
514,13-12-2014,13.0,20.0,7.96,656.0,2.6,110.0
515,14-12-2014,13.0,22.0,7.45,698.0,2.8,133.0
516,15-12-2014,13.0,17.0,7.6,618.0,2.4,154.0
517,16-12-2014,13.0,23.0,7.65,546.0,2.5,172.0
518,17-12-2014,13.0,25.0,7.48,638.0,2.7,157.0
519,18-12-2014,13.0,21.0,7.88,656.0,2.6,188.0
520,19-12-2014,13.0,27.0,7.32,592.0,2.3,129.0
521,20-12-2014,13.0,23.0,7.29,684.0,2.5,157.0
522,21-12-2014,13.0,20.0,7.25,650.0,2.4,161.0
523,22-12-2014,13.0,18.0,7.2,666.0,2.4,184.0
524,23-12-2014,13.0,16.0,7.35,630.0,2.7,163.0
525,24-12-2014,13.0,22.0,7.54,680.0,2.4,195.0
526,25-12-2014,13.0,19.0,7.31,590.0,2.8,180.0
527,26-12-2014,13.0,18.0,7.28,550.0,2.6,176.0
528,27-12-2014,13.0,17.0,7.46,510.0,3.4,193.0
529,28-12-2014,13.0,19.0,7.77,573.0,2.9,183.0
530,29-12-2014,13.0,25.0,7.32,596.0,2.6,135.0
531,30-12-2014,13.0,24.0,7.25,626.0,2.8,155.0
532,31-12-2014,13.0,21.0,7.6,646.0,2.2,172.0
533,20-03-2017,17.0,25.0,7.39,632.0,3.6,127.0
534,21-03-2017,18.0,27.0,7.45,684.0,3.2,137.0
535,22-03-2017,18.0,23.0,7.39,650.0,3.4,145.0
536,23-03-2017,18.0,21.0,7.31,645.0,3.3,140.0
537,24-03-2017,18.0,23.0,7.34,630.0,3.3,141.0
538,25-03-2017,18.0,21.0,7.3,670.0,3.4,164.0
539,26-03-2017,18.0,25.0,7.37,622.0,3.8,157.0
540,27-03-2017,18.0,27.0,7.15,738.0,3.4,149.0
541,28-03-2017,18.0,27.0,7.45,692.0,3.8,176.0
542,29-03-2017,18.0,20.0,7.7,680.0,3.7,162.0
543,30-03-2017,18.0,27.0,7.45,692.0,3.5,137.0
544,31-03-2017,20.0,25.0,7.14,534.0,3.7,189.0
545,01-04-2017,21.0,22.0,7.39,540.0,3.5,160.0
546,02-04-2017,21.0,26.0,7.41,492.0,3.7,168.0
547,03-04-2017,21.0,23.0,7.31,534.0,3.2,180.0
548,04-04-2017,21.0,27.0,7.43,592.0,3.8,197.0
549,05-04-2017,22.0,29.0,9.73,536.0,3.7,137.0
550,07-04-2017,22.0,21.0,7.27,498.0,3.8,197.0
551,08-04-2017,22.0,27.0,7.59,522.0,3.6,182.0
552,09-04-2017,22.0,29.0,7.19,564.0,3.7,155.0
553,10-04-2017,22.0,20.0,7.45,632.0,3.9,189.0
554,11-04-2017,22.0,23.0,7.84,746.0,3.3,195.0
555,12-04-2017,22.0,20.0,7.15,718.0,3.7,162.0
556,13-04-2017,22.0,23.0,7.44,784.0,3.9,189.0
557,14-04-2017,23.0,27.0,7.49,758.0,3.6,162.0
558,15-04-2017,23.0,21.0,7.7,714.0,3.3,155.0
559,17-04-2017,23.0,25.0,7.44,692.0,3.8,185.0
560,18-04-2017,23.0,27.0,7.19,726.0,3.8,195.0
561,19-04-2017,23.0,22.0,7.45,870.0,3.7,214.0
562,21-04-2017,23.0,32.0,7.48,736.0,3.7,185.0
563,22-04-2017,23.0,21.0,7.59,592.0,3.4,197.0
564,23-04-2017,23.0,26.0,7.18,622.0,3.3,127.0
565,25-04-2017,23.0,30.0,7.64,748.0,3.8,198.0
566,28-04-2017,23.0,23.0,7.45,544.0,3.2,184.0
567,29-04-2017,19.0,13.0,7.18,316.0,4.4,137.0
568,30-04-2017,19.0,15.0,7.45,372.0,4.6,182.0
569,02-05-2017,20.0,25.0,7.39,432.0,3.8,215.0
570,11-05-2017,21.0,18.0,7.31,532.0,3.7,157.0
571,12-05-2017,21.0,17.0,7.44,538.0,3.4,140.0
572,13-05-2017,21.0,19.0,7.37,570.0,3.7,131.0
573,14-05-2017,21.0,16.0,7.3,563.0,3.2,149.0
574,15-05-2017,21.0,15.0,7.44,550.0,3.4,141.0
575,16-05-2017,2.0,18.0,7.75,531.0,3.2,134.0
576,18-05-2017,20.0,17.0,7.2,560.0,3.3,135.0
577,19-05-2017,20.0,15.0,7.25,555.0,3.4,141.0
578,23-05-2017,22.0,23.0,7.45,546.0,3.7,182.0
579,24-05-2017,22.0,21.0,7.15,542.0,3.4,149.0
580,25-05-2017,21.0,17.0,7.32,432.0,3.3,164.0
581,26-05-2017,24.0,25.0,7.29,540.0,3.2,123.0
582,27-05-2017,24.0,20.0,7.49,636.0,3.8,150.0
583,28-05-2017,24.0,16.0,7.3,612.0,3.3,133.0
584,29-05-2017,25.0,19.0,7.45,636.0,3.8,190.0
585,30-05-2017,20.0,21.0,7.21,614.0,3.3,150.0
586,31-05-2017,26.0,23.0,7.49,642.0,4.3,150.0
587,01-06-2017,26.0,20.0,7.15,652.0,4.4,192.0
588,02-06-2017,26.0,24.0,7.41,602.0,4.3,132.0
589,03-06-2017,26.0,26.0,7.22,640.0,4.8,159.0
590,05-06-2017,27.0,21.0,7.53,590.0,4.7,165.0
591,06-06-2017,27.0,21.0,7.53,496.0,4.2,195.0
592,07-06-2017,27.0,27.0,7.37,544.0,4.3,137.0
593,11-06-2017,26.0,18.0,7.37,634.0,3.9,184.0
594,12-06-2017,26.0,20.0,7.21,624.0,4.8,194.0
595,15-06-2017,26.0,19.0,7.21,610.0,3.1,135.0
596,18-06-2017,27.0,16.0,7.2,546.0,3.4,164.0
597,19-06-2017,23.0,20.0,7.32,624.0,3.8,145.0
598,20-06-2017,23.0,26.0,7.19,642.0,3.2,192.0
599,21-06-2017,23.0,21.0,7.45,732.0,3.6,167.0
600,22-06-2017,23.0,23.0,7.57,652.0,3.3,188.0
601,23-06-2017,23.0,21.0,4.33,592.0,3.8,195.0
602,24-06-2017,24.0,27.0,7.57,540.0,4.8,199.0
603,25-06-2017,25.0,23.0,7.19,562.0,5.8,210.0
604,26-06-2017,25.0,28.0,7.35,528.0,5.9,208.0
605,27-06-2017,25.0,20.0,7.53,592.0,6.4,218.0
606,28-06-2017,24.0,23.0,7.62,514.0,6.9,240.0
607,29-06-2017,26.0,41.0,7.22,514.0,6.7,215.0
608,30-06-2017,26.0,38.0,7.24,384.0,6.8,164.0
609,01-07-2017,26.0,30.0,7.59,428.0,5.9,185.0
610,02-07-2017,26.0,32.0,7.15,480.0,5.4,189.0
611,03-07-2017,27.0,29.0,7.37,438.0,5.8,195.0
612,04-07-2017,27.0,26.0,7.49,438.0,4.8,133.0
613,05-07-2017,27.0,22.0,7.15,532.0,4.3,190.0
614,06-07-2017,27.0,28.0,7.32,590.0,4.8,170.0
615,07-07-2017,27.0,20.0,7.21,532.0,4.7,123.0
616,08-07-2017,27.0,25.0,7.34,570.0,4.4,159.0
617,09-07-2017,27.0,29.0,7.15,524.0,3.8,175.0
618,10-07-2017,26.0,22.0,7.16,560.0,3.6,121.0
619,12-07-2017,23.0,78.0,7.28,526.0,3.1,135.0
620,13-07-2017,22.0,306.0,7.26,584.0,3.9,124.0
621,14-07-2017,26.0,312.0,7.18,534.0,3.7,144.0
622,15-07-2017,28.0,170.0,7.18,292.0,1.7,195.0
623,16-07-2017,30.0,95.0,7.45,332.0,1.8,123.0
624,17-07-2017,28.0,65.0,7.35,570.0,1.3,135.0
625,18-07-2017,28.0,58.0,7.29,492.0,1.5,172.0
626,19-07-2017,28.0,47.0,7.18,480.0,1.7,141.0
627,21-07-2017,27.0,35.0,7.55,454.0,1.8,188.0
628,22-07-2017,27.0,29.0,7.15,392.0,1.6,195.0
629,23-07-2017,26.0,26.0,7.45,374.0,1.4,128.0
630,25-07-2017,26.0,29.0,7.32,432.0,2.6,175.0
631,26-07-2017,26.0,25.0,7.51,344.0,2.1,197.0
632,27-07-2017,26.0,27.0,7.22,392.0,2.3,135.0
633,28-07-2017,26.0,21.0,7.14,648.0,2.0,164.0
634,29-07-2017,26.0,25.0,7.37,510.0,1.7,184.0
635,30-07-2017,26.0,540.0,7.27,410.0,2.1,131.0
636,31-07-2017,27.0,295.0,7.2,423.0,2.4,140.0
637,01-08-2017,26.0,123.0,7.16,398.0,2.7,120.0
638,02-08-2017,27.0,120.0,7.24,410.0,2.2,111.0
639,04-08-2017,28.0,67.0,7.23,416.0,2.1,121.0
640,06-08-2017,28.0,37.0,7.22,396.0,1.7,141.0
641,07-08-2017,28.0,28.0,7.18,404.0,1.7,141.0
642,08-08-2017,28.0,18.0,7.23,368.0,1.3,135.0
643,09-08-2017,26.0,16.0,7.2,374.0,1.4,125.0
644,10-08-2017,28.0,650.0,7.18,390.0,1.9,128.0
645,11-08-2017,28.0,122.0,7.11,410.0,1.8,135.0
646,12-08-2017,28.0,85.0,7.2,416.0,1.9,131.0
647,13-08-2017,28.0,60.0,7.14,406.0,1.6,135.0
648,14-08-2017,28.0,30.0,7.3,390.0,2.3,128.0
649,15-08-2017,28.0,19.0,7.16,370.0,1.9,130.0
650,16-08-2017,28.0,17.0,7.27,391.0,1.7,141.0
651,17-08-2017,28.0,15.0,7.18,385.0,1.1,130.0
652,18-08-2017,28.0,18.0,7.39,420.0,1.3,105.0
653,19-08-2017,28.0,16.0,7.15,392.0,1.6,130.0
654,20-08-2017,28.0,14.0,7.11,374.0,1.9,180.0
655,21-08-2017,28.0,18.0,7.29,418.0,1.7,103.0
656,22-08-2017,28.0,15.0,7.45,442.0,2.2,150.0
657,23-08-2017,28.0,17.0,7.19,398.0,2.5,120.0
658,26-08-2017,28.0,27.0,7.62,370.0,3.9,168.0
659,27-08-2017,28.0,33.0,7.18,400.0,3.1,135.0
660,28-08-2017,28.0,38.0,7.42,382.0,3.3,145.0
661,29-08-2017,28.0,31.0,7.19,344.0,3.8,160.0
662,31-08-2017,28.0,22.0,7.45,428.0,3.3,150.0
663,01-09-2017,28.0,20.0,7.2,416.0,3.2,131.0
664,02-09-2017,28.0,18.0,7.16,420.0,3.4,145.0
665,03-09-2017,28.0,17.0,7.12,401.0,3.7,130.0
666,04-09-2017,26.0,18.0,7.18,435.0,3.4,141.0
667,05-09-2017,26.0,15.0,7.16,420.0,3.9,150.0
668,07-09-2017,26.0,12.0,7.4,416.0,3.9,152.0
669,09-09-2017,26.0,16.0,7.34,412.0,3.4,134.0
670,11-09-2017,25.0,39.0,7.7,448.0,3.2,170.0
671,14-09-2017,25.0,25.0,7.39,362.0,3.7,120.0
672,16-09-2017,23.0,15.0,7.23,408.0,3.1,125.0
673,18-09-2017,22.0,16.0,7.39,398.0,3.0,120.0
674,19-09-2017,22.0,12.0,7.25,420.0,3.6,129.0
675,20-09-2017,24.0,15.0,7.29,392.0,3.2,180.0
676,22-09-2017,27.0,18.0,7.18,298.0,3.8,126.0
677,24-09-2017,27.0,8.0,7.11,310.0,3.6,141.0
678,25-09-2017,25.0,15.0,7.31,356.0,3.2,157.0
679,26-09-2017,23.0,11.0,7.39,384.0,3.1,129.0
680,27-09-2017,23.0,10.0,7.13,328.0,3.7,153.0
681,28-09-2017,23.0,15.0,7.31,340.0,3.1,153.0
682,01-10-2017,22.0,16.0,7.2,342.0,3.2,139.0
683,02-10-2017,22.0,18.0,7.42,318.0,3.5,170.0
684,03-10-2017,22.0,18.0,7.52,392.0,3.0,180.0
685,04-10-2017,22.0,15.0,7.22,362.0,3.2,152.0
686,05-10-2017,22.0,12.0,7.41,422.0,3.1,170.0
687,07-10-2017,22.0,17.0,7.41,350.0,3.4,135.0
688,09-10-2017,22.0,15.0,7.18,340.0,3.1,139.0
689,10-10-2017,22.0,13.0,7.45,370.0,2.8,130.0
690,11-10-2017,22.0,12.0,7.48,372.0,3.5,122.0
691,12-10-2017,22.0,9.0,7.3,407.0,3.6,120.0
692,13-10-2017,23.0,14.0,7.52,356.0,3.2,145.0
693,14-10-2017,23.0,11.0,7.34,384.0,3.6,108.0
694,18-10-2017,22.0,13.0,7.47,390.0,3.3,165.0
695,19-10-2017,23.0,15.0,7.14,344.0,3.7,159.0
696,20-10-2017,23.0,12.0,7.59,432.0,3.2,139.0
697,21-10-2017,23.0,17.0,7.28,398.0,3.3,135.0
698,23-10-2017,23.0,10.0,7.39,360.0,3.5,150.0
699,25-10-2017,23.0,11.0,7.36,390.0,3.1,190.0
700,27-10-2017,23.0,13.0,7.32,324.0,3.2,180.0
701,28-10-2017,23.0,15.0,7.45,384.0,3.8,180.0
702,30-10-2017,23.0,17.0,7.22,328.0,3.4,129.0
703,31-10-2017,22.0,12.0,7.42,432.0,3.7,123.0
704,01-11-2017,22.0,13.0,7.14,396.0,3.2,142.0
705,03-11-2017,20.0,18.0,7.29,346.0,3.2,163.0
706,04-11-2017,20.0,15.0,7.1,362.0,3.4,151.0
707,05-11-2017,20.0,11.0,7.1,370.0,3.6,145.0
708,06-11-2017,22.0,13.0,7.23,396.0,3.0,159.0
709,07-11-2017,21.0,15.0,7.52,338.0,3.3,129.0
710,08-11-2017,21.0,13.0,7.39,384.0,3.2,190.0
711,09-11-2017,21.0,18.0,7.19,422.0,3.5,163.0
712,10-11-2017,21.0,19.0,7.14,346.0,3.2,152.0
713,11-11-2017,21.0,16.0,7.11,400.0,3.3,141.0
714,12-11-2017,21.0,14.0,7.16,416.0,3.2,136.0
715,13-11-2017,20.0,14.0,7.12,418.0,3.3,135.0
716,15-11-2017,18.0,21.0,7.2,390.0,3.4,144.0
717,16-11-2017,18.0,19.0,7.18,416.0,3.6,128.0
718,17-11-2017,22.0,22.0,7.25,408.0,3.2,131.0
719,18-11-2017,22.0,20.0,7.2,400.0,3.4,140.0
720,19-11-2017,22.0,18.0,7.16,390.0,3.3,120.0
721,20-11-2017,21.0,15.0,7.8,372.0,3.1,123.0
722,22-11-2017,20.0,13.0,7.24,414.0,3.1,125.0
723,23-11-2017,20.0,19.0,7.49,448.0,3.5,190.0
724,28-11-2017,20.0,12.0,7.63,442.0,3.5,129.0
725,29-11-2017,19.0,15.0,7.69,364.0,3.2,133.0
726,30-11-2017,19.0,20.0,7.35,398.0,3.0,192.0
727,02-12-2017,20.0,17.0,7.25,392.0,3.1,145.0
728,03-12-2017,20.0,13.0,7.45,348.0,3.4,132.0
729,05-12-2017,20.0,18.0,7.59,432.0,3.1,123.0
730,06-12-2017,18.0,14.0,7.15,360.0,3.2,160.0
731,07-12-2017,16.0,19.0,7.41,314.0,3.1,120.0
732,08-12-2017,13.0,16.0,7.45,362.0,3.5,150.0
733,09-12-2017,13.0,22.0,7.54,392.0,3.5,150.0
734,10-12-2017,13.0,18.0,7.5,415.0,3.3,130.0
735,11-12-2017,15.0,23.0,7.19,470.0,3.2,129.0
736,12-12-2017,15.0,22.0,7.41,398.0,3.1,170.0
737,13-12-2017,15.0,27.0,7.33,460.0,3.5,152.0
738,14-12-2017,14.0,81.0,7.62,548.0,3.2,190.0
739,15-12-2017,15.0,67.0,7.3,445.0,3.3,148.0
740,16-12-2017,15.0,35.0,7.25,441.0,3.2,158.0
741,17-12-2017,15.0,18.0,7.2,433.0,3.4,141.0
742,18-12-2017,14.0,20.0,7.92,470.0,3.2,159.0
743,19-12-2017,14.0,25.0,7.53,412.0,3.2,145.0
744,20-12-2017,13.0,27.9,7.42,392.0,3.3,132.0
745,21-12-2017,13.0,22.0,7.33,428.0,3.2,150.0
746,22-12-2017,14.0,29.0,7.52,492.0,3.2,123.0
747,23-12-2017,14.0,22.0,7.14,344.0,3.2,133.0
748,25-12-2017,16.0,20.0,7.12,350.0,3.1,141.0
749,26-12-2017,20.0,13.0,7.59,342.0,3.3,189.0
750,27-12-2017,14.0,29.0,7.18,370.0,3.1,129.0
751,28-12-2017,14.0,22.0,7.64,390.0,3.3,128.0
752,29-12-2017,16.0,16.0,7.2,340.0,3.1,120.0
753,30-12-2017,15.0,18.0,7.49,368.0,3.2,116.0
754,31-12-2017,15.0,16.0,7.4,350.0,3.4,183.0
755,01-01-2018,15.0,19.0,7.49,504.0,3.3,190.0
756,02-01-2018,15.0,23.0,7.64,396.0,3.6,230.0
757,03-01-2018,15.0,25.0,7.4,446.0,3.2,245.0
758,04-01-2018,15.0,19.0,7.53,472.0,3.3,195.0
759,05-01-2018,15.0,22.0,7.23,422.0,3.2,204.0
760,07-01-2018,14.0,18.0,7.95,402.0,2.4,145.0
761,08-01-2018,14.0,20.0,7.73,348.0,2.2,104.0
762,10-01-2018,15.0,25.0,7.39,410.0,2.3,135.0
763,11-01-2018,14.0,18.0,7.7,350.0,2.4,197.0
764,12-01-2018,15.0,27.0,7.33,340.0,2.5,170.0
765,13-01-2018,15.0,30.0,7.64,364.0,2.4,145.0
766,14-01-2018,15.0,18.0,7.6,350.0,2.2,146.0
767,15-01-2018,15.0,18.0,7.5,354.0,2.3,137.0
768,16-01-2018,14.0,22.0,7.73,392.0,2.1,195.0
769,17-01-2018,14.0,20.0,7.4,600.0,2.2,141.0
770,18-01-2018,13.0,24.0,7.71,340.0,2.8,183.0
771,19-01-2018,13.0,21.0,7.15,392.0,3.4,195.0
772,20-01-2018,14.0,23.0,7.45,524.0,2.4,190.0
773,21-01-2018,14.0,18.0,7.4,612.0,2.6,145.0
774,22-01-2018,14.0,23.0,7.74,728.0,2.3,150.0
775,23-01-2018,15.0,20.0,7.36,646.0,2.3,153.0
776,24-01-2018,15.0,24.0,7.17,436.0,2.1,154.0
777,25-01-2018,14.0,26.0,7.14,418.0,2.4,127.0
778,26-01-2018,14.0,21.0,7.37,372.0,2.2,130.0
779,27-01-2018,12.0,23.0,7.98,328.0,2.5,153.0
780,28-01-2018,14.0,18.0,7.3,388.0,3.5,141.0
781,29-01-2018,14.0,21.0,7.9,360.0,2.3,133.0
782,30-01-2018,14.0,23.0,7.92,384.0,2.4,157.0
783,31-01-2018,13.0,22.0,7.64,392.0,2.2,180.0
784,01-02-2018,13.0,25.0,7.92,392.0,2.4,195.0
785,02-02-2018,14.0,19.0,7.82,436.0,2.6,137.0
786,03-02-2018,14.0,29.0,7.95,482.0,2.3,156.0
787,04-02-2018,14.0,27.0,7.9,480.0,2.4,150.0
788,05-02-2018,14.0,24.0,7.96,490.0,2.6,141.0
789,06-02-2018,14.0,26.0,7.19,472.0,2.3,159.0
790,07-02-2018,13.0,20.0,8.23,426.0,6.7,137.0
791,08-02-2018,13.0,15.0,8.41,398.0,6.6,162.0
792,09-02-2018,13.0,18.0,8.32,472.0,6.0,150.0
793,10-02-2018,13.0,22.0,8.54,436.0,6.2,120.0
794,11-02-2018,13.0,12.0,8.1,480.0,6.7,155.0
795,12-02-2018,13.0,14.0,8.2,470.0,6.2,165.0
796,13-02-2018,13.0,15.0,8.37,422.0,6.7,157.0
797,14-02-2018,12.0,19.0,8.21,480.0,6.4,150.0
798,15-02-2018,12.0,16.0,8.43,432.0,6.2,145.0
799,16-02-2018,12.0,12.0,8.51,454.0,0.4,147.0
800,17-02-2018,13.0,19.0,8.57,432.0,6.2,141.0
801,18-02-2018,13.0,16.0,8.48,430.0,5.9,140.0
802,19-02-2018,13.0,16.0,8.44,500.0,6.2,147.0
803,20-02-2018,13.0,18.0,8.45,498.0,6.7,144.0
804,21-02-2018,13.0,19.0,8.15,470.0,5.9,107.0
805,22-02-2018,15.0,17.0,8.31,438.0,6.3,111.0
806,23-02-2018,15.0,16.0,8.2,440.0,6.4,190.0
807,24-02-2018,15.0,20.0,8.37,472.0,6.4,168.0
808,25-02-2018,15.0,23.0,8.69,456.0,6.6,133.0
809,26-02-2018,15.0,18.0,8.35,467.0,6.1,128.0
810,27-02-2018,15.0,16.0,8.3,460.0,6.4,130.0
811,28-02-2018,15.0,17.0,8.28,468.0,6.3,140.0
812,01-03-2018,15.0,11.0,8.3,540.0,5.9,131.0
813,02-03-2018,15.0,18.0,8.22,524.0,6.6,128.0
814,03-03-2018,15.0,20.0,8.54,492.0,6.6,108.0
815,04-03-2018,15.0,22.0,8.29,440.0,6.5,123.0
816,05-03-2018,15.0,12.0,8.34,470.0,6.2,148.0
817,06-03-2018,14.0,12.0,7.98,428.0,6.8,143.0
818,07-03-2018,14.0,10.0,7.92,392.0,6.0,139.0
819,08-03-2018,14.0,13.0,7.89,420.0,6.8,163.0
820,09-03-2018,14.0,15.0,7.84,448.0,6.5,148.0
821,10-03-2018,14.0,18.0,7.49,490.0,6.3,109.0
822,11-03-2018,14.0,22.0,7.19,428.0,6.8,123.0
823,12-03-2018,14.0,12.0,7.82,438.0,6.6,159.0
824,13-03-2018,15.0,16.0,7.63,482.0,6.3,155.0
825,14-03-2018,14.0,18.0,7.32,480.0,6.2,173.0
826,15-03-2018,16.0,38.0,8.18,438.0,2.1,55.0
827,16-03-2018,14.0,14.0,7.6,430.0,6.3,140.0
828,17-03-2018,14.0,18.0,7.56,434.0,6.3,123.0
829,18-03-2018,14.0,20.0,7.49,426.0,6.7,163.0
830,19-03-2018,14.0,13.0,7.19,396.0,6.4,128.0
831,20-03-2018,14.0,16.0,7.45,460.0,6.7,148.0
832,22-03-2018,15.0,17.0,7.54,428.0,6.8,122.0
833,23-03-2018,15.0,22.0,7.45,462.0,6.3,153.0
834,24-03-2018,15.0,23.0,7.24,492.0,6.7,180.0
835,25-03-2018,16.0,18.0,7.54,560.0,6.2,185.0
836,26-03-2018,16.0,14.0,7.5,545.0,6.1,178.0
837,27-03-2018,16.0,12.0,7.41,548.0,5.9,171.0
838,28-03-2018,16.0,10.0,7.38,550.0,6.3,138.0
839,29-03-2018,16.0,13.0,7.65,498.0,6.7,154.0
840,30-03-2018,16.0,17.0,7.49,460.0,6.3,150.0
841,31-03-2018,16.0,20.0,7.14,448.0,6.1,184.0
842,01-04-2018,14.0,19.0,7.59,498.0,6.8,135.0
843,02-04-2018,15.0,2.5,7.41,462.0,6.4,150.0
844,03-04-2018,16.0,21.0,7.19,492.0,8.5,137.0
845,04-04-2018,20.0,17.0,7.49,468.0,6.2,107.0
846,05-04-2018,20.0,19.0,7.64,492.0,6.8,120.0
847,06-04-2018,19.0,16.0,7.39,462.0,6.2,123.0
848,07-04-2018,18.0,15.0,7.64,492.0,6.7,142.0
849,08-04-2018,18.0,17.0,7.19,468.0,6.3,115.0
850,09-04-2018,18.0,21.0,7.3,428.0,6.8,138.0
851,10-04-2018,18.0,15.0,7.73,448.0,6.5,157.0
852,11-04-2018,18.0,16.0,7.19,490.0,6.2,126.0
853,12-04-2018,18.0,12.0,7.45,492.0,6.7,123.0
854,13-04-2018,18.0,14.0,7.19,560.0,6.1,170.0
855,14-04-2018,18.0,10.0,7.33,470.0,6.8,188.0
856,15-04-2018,18.0,13.0,7.19,620.0,6.3,163.0
857,16-04-2018,18.0,15.0,7.49,490.0,6.5,132.0
858,17-04-2018,18.0,10.0,7.14,436.0,6.1,147.0
859,18-04-2018,19.0,17.0,7.32,462.0,6.3,132.0
860,19-04-2018,19.0,15.0,7.44,448.0,6.7,145.0
861,20-04-2018,20.0,13.0,7.51,498.0,6.4,170.0
862,21-04-2018,20.0,60.0,7.23,434.0,6.3,140.0
863,22-04-2018,20.0,40.0,7.2,430.0,6.4,140.0
864,23-04-2018,16.0,30.0,7.81,485.0,2.1,145.0
865,24-04-2018,16.0,25.0,7.74,477.0,2.6,140.0
866,25-04-2018,16.0,21.0,7.7,480.0,2.5,180.0
867,26-04-2018,16.0,18.0,7.68,486.0,2.3,150.0
868,27-04-2018,16.0,14.0,7.6,480.0,2.6,140.0
869,28-04-2018,16.0,15.0,7.5,490.0,2.6,170.0
870,29-04-2018,16.0,12.0,7.51,488.0,2.9,141.0
871,30-04-2018,21.0,13.0,7.23,920.0,6.8,150.0
872,01-05-2018,21.0,11.0,7.2,900.0,6.7,133.0
873,02-05-2018,21.0,15.0,7.45,768.0,6.2,145.0
874,03-05-2018,21.0,13.0,7.24,670.0,6.8,163.0
875,04-05-2018,21.0,16.0,7.84,592.0,5.8,160.0
876,05-05-2018,21.0,20.0,7.29,524.0,6.3,145.0
877,06-05-2018,21.0,19.0,7.64,572.0,6.7,193.0
878,07-05-2018,21.0,18.0,7.64,680.0,6.8,170.0
879,08-05-2018,22.0,14.0,7.33,594.0,6.3,145.0
880,09-05-2018,22.0,19.0,7.7,540.0,6.8,124.0
881,10-05-2018,22.0,14.0,7.49,594.0,6.3,190.0
882,11-05-2018,22.0,20.0,7.84,784.0,6.2,124.0
883,12-05-2018,22.0,23.0,7.51,670.0,6.4,140.0
884,13-05-2018,22.0,21.0,7.4,650.0,6.9,128.0
885,14-05-2018,22.0,15.0,7.24,632.0,6.4,145.0
886,15-05-2018,22.0,11.0,7.49,532.0,6.7,123.0
887,16-05-2018,22.0,13.0,7.14,546.0,6.3,140.0
888,17-05-2018,22.0,15.0,7.51,596.0,6.8,120.0
889,18-05-2018,23.0,20.0,7.29,520.0,6.3,123.0
890,19-05-2018,23.0,25.0,7.6,570.0,6.7,135.0
891,20-05-2018,22.0,16.0,7.55,560.0,6.9,129.0
892,21-05-2018,22.0,12.0,7.23,532.0,6.5,133.0
893,22-05-2018,21.0,10.0,7.35,560.0,6.3,150.0
894,23-05-2018,21.0,13.0,7.49,592.0,6.5,149.0
895,24-05-2018,22.0,15.0,7.33,530.0,6.3,123.0
896,25-05-2018,22.0,14.0,7.23,570.0,6.8,123.0
897,26-05-2018,22.0,10.0,7.43,532.0,6.3,145.0
898,27-05-2018,22.0,10.0,7.2,560.0,6.7,145.0
899,28-05-2018,22.0,13.0,7.49,592.0,6.3,160.0
900,29-05-2018,22.0,14.0,7.23,548.0,6.8,143.0
901,31-05-2018,22.0,14.0,7.19,594.0,6.6,143.0
902,01-06-2018,22.0,12.0,7.42,532.0,6.3,140.0
903,02-06-2018,22.0,16.0,7.23,536.0,6.8,150.0
904,03-06-2018,22.0,10.0,7.2,560.0,6.5,120.0
905,04-06-2018,22.0,13.0,7.32,540.0,6.2,159.0
906,05-06-2018,22.0,15.0,7.4,570.0,6.8,127.0
907,06-06-2018,22.0,18.0,7.92,542.0,6.1,139.0
908,07-06-2018,22.0,14.0,7.82,890.0,6.6,153.0
909,08-06-2018,23.0,11.0,7.35,826.0,6.3,125.0
910,09-06-2018,23.0,15.0,7.43,892.0,6.8,148.0
911,10-06-2018,23.0,18.0,7.19,762.0,6.5,120.0
912,11-06-2018,23.0,13.0,7.54,692.0,6.3,158.0
913,12-06-2018,23.0,10.0,7.19,598.0,6.9,132.0
914,13-06-2018,23.0,13.0,7.51,584.0,6.4,120.0
915,15-06-2018,22.0,10.0,7.2,540.0,6.1,144.0
916,16-06-2018,22.0,8.0,7.31,564.0,6.4,154.0
917,18-06-2018,21.0,228.0,7.4,580.0,6.5,176.0
918,19-06-2018,20.0,112.0,7.38,560.0,6.4,176.0
919,20-06-2018,21.0,75.0,7.3,600.0,6.5,165.0
920,21-06-2018,21.0,70.0,7.42,612.0,6.4,170.0
921,22-06-2018,22.0,55.0,7.54,592.0,6.8,153.0
922,23-06-2018,23.0,45.0,7.39,540.0,6.3,150.0
923,24-06-2018,23.0,29.0,7.34,580.0,6.8,107.0
924,25-06-2018,23.0,27.1,7.51,598.0,6.6,154.0
925,26-06-2018,23.0,24.0,7.64,478.0,6.7,157.0
926,27-06-2018,23.0,25.0,7.4,448.0,6.3,125.0
927,28-06-2018,23.0,27.0,7.64,496.0,6.8,122.0
928,29-06-2018,23.0,22.0,7.39,540.0,6.5,145.0
929,30-06-2018,23.0,25.0,7.21,570.0,6.7,182.0
930,01-07-2018,23.0,20.0,7.39,546.0,6.4,190.0
931,02-07-2018,23.0,18.0,7.73,498.0,6.5,182.0
932,03-07-2018,23.0,20.0,7.21,562.0,6.8,159.0
933,04-07-2018,24.0,16.0,7.14,520.0,6.8,150.0
934,05-07-2018,24.0,18.0,7.54,592.0,6.3,182.0
935,06-07-2018,24.0,20.0,7.79,498.0,6.8,12.0
936,08-07-2018,24.0,18.0,7.2,540.0,6.4,124.0
937,09-07-2018,24.0,20.0,7.51,498.0,6.7,159.0
938,10-07-2018,24.0,17.0,7.18,520.0,6.4,170.0
939,11-07-2018,24.0,22.0,7.37,584.0,6.8,120.0
940,12-07-2018,24.0,27.0,7.42,510.0,5.6,129.0
941,13-07-2018,24.0,90.0,7.63,540.0,4.4,152.0
942,14-07-2018,24.0,70.0,7.73,584.0,3.9,108.0
943,15-07-2018,24.0,50.0,7.49,532.0,3.5,120.0
944,16-07-2018,24.0,39.0,7.19,498.0,3.2,150.0
945,17-07-2018,24.0,35.0,7.1,486.0,3.0,141.0
946,18-07-2018,24.0,32.0,7.08,484.0,2.8,138.0
947,19-07-2018,24.0,28.0,7.04,466.0,2.7,128.0
948,20-07-2018,21.0,24.0,7.06,460.0,2.6,120.0
949,21-07-2018,24.0,20.0,7.01,456.0,2.5,128.0
950,22-07-2018,24.0,16.0,7.16,440.0,2.2,122.0
951,23-07-2018,24.0,60.0,7.19,492.0,2.8,120.0
952,24-07-2018,24.0,256.0,7.12,460.0,2.4,126.0
953,25-07-2018,24.0,75.0,7.11,456.0,2.2,140.0
954,26-07-2018,24.0,35.0,7.2,470.0,2.4,130.0
955,27-07-2018,24.0,670.0,7.22,466.0,2.4,120.0
956,28-07-2018,24.0,350.0,7.18,460.0,2.3,120.0
957,29-07-2018,23.0,180.0,7.16,440.0,2.2,110.0
958,30-07-2018,22.0,130.0,7.12,430.0,2.4,130.0
959,31-07-2018,22.0,93.0,7.09,440.0,2.3,135.0
960,01-08-2018,22.0,60.0,7.16,430.0,2.2,114.0
961,02-08-2018,22.0,50.0,7.12,410.0,2.8,153.0
962,03-08-2018,23.0,35.0,7.24,460.0,2.9,190.0
963,04-08-2018,23.0,30.0,7.54,418.0,2.6,156.0
964,05-08-2018,23.0,26.0,7.5,410.0,2.2,139.0
965,06-08-2018,24.0,28.0,7.29,450.0,2.8,122.0
966,07-08-2018,23.0,22.0,7.51,470.0,2.3,118.0
967,08-08-2018,23.0,220.0,7.5,460.0,2.2,136.0
968,09-08-2018,22.0,180.0,7.45,440.0,2.6,140.0
969,10-08-2018,23.0,100.0,7.4,430.0,2.3,120.0
970,11-08-2018,23.0,56.0,7.35,438.0,2.2,122.0
971,12-08-2018,23.0,35.0,7.3,430.0,2.5,130.0
972,13-08-2018,23.0,33.0,7.26,426.0,2.3,140.0
973,14-08-2018,23.0,281.0,7.2,430.0,2.2,150.0
974,15-08-2018,23.0,150.0,7.34,420.0,2.4,144.0
975,16-08-2018,23.0,102.0,7.2,434.0,2.3,138.0
976,17-08-2018,27.0,50.0,7.7,428.0,2.4,152.0
977,18-08-2018,23.0,35.0,7.45,460.0,2.8,145.0
978,19-08-2018,23.0,29.0,7.59,432.0,2.5,170.0
979,20-08-2018,23.0,20.0,7.32,482.0,2.4,160.0
980,21-08-2018,23.0,23.0,7.4,480.0,2.6,135.0
981,22-08-2018,23.0,21.0,7.35,474.0,2.4,140.0
982,23-08-2018,23.0,18.0,7.3,470.0,2.6,131.0
983,24-08-2018,23.0,28.0,7.21,466.0,2.3,145.0
984,25-08-2018,23.0,21.0,7.4,460.0,2.4,135.0
985,26-08-2018,23.0,26.0,7.35,466.0,2.4,140.0
986,27-08-2018,23.0,35.0,7.3,461.0,2.1,131.0
987,28-08-2018,23.0,31.0,7.38,447.0,2.4,123.0
988,29-08-2018,23.0,25.0,7.19,484.0,2.7,150.0
989,30-08-2018,23.0,20.0,7.51,438.0,2.4,159.0
990,31-08-2018,23.0,23.0,7.51,496.0,2.8,185.0
991,01-09-2018,23.0,25.0,7.73,690.0,2.4,130.0
992,02-09-2018,23.0,22.0,7.34,532.0,2.8,152.0
993,03-09-2018,23.0,18.0,7.54,570.0,2.6,152.0
994,04-09-2018,23.0,21.0,7.19,490.0,2.5,129.0
995,05-09-2018,23.0,24.0,7.63,448.0,2.9,127.0
996,06-09-2018,23.0,20.0,7.23,480.0,2.5,120.0
997,07-09-2018,23.0,22.0,7.39,532.0,2.8,157.0
998,08-09-2018,23.0,17.0,7.18,488.0,2.6,112.0
999,09-09-2018,23.0,16.0,7.16,480.0,2.4,140.0
1000,10-09-2018,23.0,18.0,7.45,432.0,2.7,150.0
1001,11-09-2018,23.0,20.0,7.18,482.0,2.3,182.0
1002,12-09-2018,24.0,21.0,7.62,438.0,2.6,163.0
1003,13-09-2018,22.0,18.0,7.29,468.0,2.3,183.0
1004,14-09-2018,20.0,22.0,7.1,528.0,2.8,103.0
1005,15-09-2018,22.0,19.0,7.14,482.0,2.8,133.0
1006,16-09-2018,20.0,16.0,7.16,530.0,2.4,145.0
1007,17-09-2018,22.0,15.0,7.29,482.0,2.4,162.0
1008,18-09-2018,21.0,17.0,7.51,540.0,2.9,149.0
1009,19-09-2018,23.0,20.0,7.21,492.0,2.3,145.0
1010,20-09-2018,20.0,14.0,7.12,540.0,2.6,151.0
1011,21-09-2018,20.0,12.0,7.18,560.0,2.3,163.0
1012,23-09-2018,21.0,16.0,7.6,510.0,2.3,142.0
1013,24-09-2018,21.0,18.0,7.29,462.0,2.6,154.0
1014,25-09-2018,21.0,14.0,7.31,482.0,2.8,120.0
1015,26-09-2018,21.0,14.0,7.45,436.0,2.4,147.0
1016,27-09-2018,22.0,16.0,7.14,482.0,2.8,125.0
1017,28-09-2018,23.0,20.0,7.33,458.0,2.4,158.0
1018,29-09-2018,22.0,13.0,7.24,422.0,2.9,123.0
1019,30-09-2018,22.0,20.0,7.64,482.0,2.4,170.0
1020,01-10-2018,22.0,19.0,7.42,422.0,3.4,145.0
1021,02-10-2018,25.0,10.0,7.29,370.0,3.6,103.0
1022,03-10-2018,24.0,12.0,7.32,360.0,2.9,112.0
1023,04-10-2018,23.0,15.0,7.29,450.0,2.4,104.0
1024,05-10-2018,23.0,12.0,7.29,480.0,2.8,129.0
1025,06-10-2018,22.0,14.0,7.33,532.0,2.6,110.0
1026,07-10-2018,22.0,8.0,7.49,563.0,4.4,141.0
1027,08-10-2018,22.0,6.0,7.42,538.0,5.3,131.0
1028,09-10-2018,14.0,23.0,7.64,390.0,2.5,195.0
1029,10-10-2018,22.0,6.0,7.4,536.0,5.6,116.0
1030,11-10-2018,22.0,7.0,7.76,530.0,5.6,108.0
1031,12-10-2018,21.0,8.0,7.3,560.0,5.8,116.0
1032,13-10-2018,21.0,7.0,7.21,546.0,5.5,124.0
1033,14-10-2018,23.0,11.0,7.32,536.0,5.8,102.0
1034,15-10-2018,23.0,14.0,7.45,570.0,5.6,122.0
1035,16-10-2018,23.0,12.0,7.14,460.0,5.4,182.0
1036,17-10-2018,22.0,16.0,7.73,492.0,5.8,123.0
1037,19-10-2018,24.0,10.0,7.63,492.0,5.6,145.0
1038,20-10-2018,22.0,19.0,7.45,440.0,5.4,98.0
1039,21-10-2018,22.0,12.0,7.4,482.0,5.8,111.0
1040,22-10-2018,22.0,15.0,7.45,532.0,5.6,105.0
1041,23-10-2018,22.0,12.0,7.14,482.0,5.3,127.0
1042,24-10-2018,24.0,10.0,7.21,432.0,5.8,157.0
1043,25-10-2018,23.0,14.0,7.59,532.0,5.4,159.0
1044,26-10-2018,22.0,13.0,7.39,492.0,5.8,104.0
1045,27-10-2018,22.0,16.0,7.29,462.0,5.6,145.0
1046,28-10-2018,22.0,16.0,7.35,432.0,5.8,152.0
1047,29-10-2018,24.0,18.0,7.32,482.0,5.6,123.0
1048,30-10-2018,22.0,15.0,7.18,420.0,5.7,108.0
1049,31-10-2018,24.0,12.0,7.92,482.0,5.4,167.0
1050,01-11-2018,23.0,14.0,7.21,422.0,5.3,107.0
1051,02-11-2018,24.0,12.0,7.84,460.0,5.8,123.0
1052,03-11-2018,23.0,14.0,7.29,420.0,5.6,139.0
1053,04-11-2018,23.0,19.0,7.61,482.0,5.8,120.0
1054,05-11-2018,24.0,10.0,7.51,482.0,5.8,112.0
1055,06-11-2018,24.0,6.0,7.4,490.0,5.9,103.0
1056,07-11-2018,24.0,3.0,7.3,470.0,5.4,98.0
1057,08-11-2018,24.0,4.0,7.26,466.0,5.3,67.0
1058,09-11-2018,23.0,11.0,7.39,488.0,5.8,82.0
1059,10-11-2018,22.0,14.0,7.18,460.0,5.6,118.0
1060,11-11-2018,23.0,10.0,7.45,490.0,5.9,102.0
1061,12-11-2018,23.0,14.0,7.15,416.0,5.6,89.0
1062,13-11-2018,22.0,12.0,7.82,440.0,5.8,1033.0
1063,14-11-2018,22.0,14.0,7.51,462.0,5.6,125.0
1064,15-11-2018,22.0,16.0,7.69,424.0,5.9,95.0
1065,16-11-2018,23.0,12.0,7.15,452.0,5.6,85.0
1066,17-11-2018,22.0,14.0,7.39,498.0,5.9,68.0
1067,18-11-2018,22.0,11.0,7.3,460.0,5.3,66.0
1068,19-11-2018,22.0,14.0,7.15,428.0,5.8,123.0
1069,20-11-2018,22.0,12.0,7.45,460.0,5.6,80.0
1070,21-11-2018,22.0,14.0,7.63,482.0,5.8,89.0
1071,22-11-2018,23.0,16.0,7.23,440.0,5.6,70.0
1072,23-11-2018,23.0,12.0,7.18,492.0,5.9,80.0
1073,24-11-2018,22.0,15.0,7.45,460.0,5.6,70.0
1074,25-11-2018,22.0,10.0,7.48,498.0,5.5,95.0
1075,26-11-2018,22.0,12.0,7.7,490.0,5.8,95.0
1076,27-11-2018,24.0,18.0,7.45,560.0,5.2,88.0
1077,28-11-2018,23.0,12.0,7.15,432.0,5.7,68.0
1078,29-11-2018,22.0,14.0,7.64,482.0,5.9,89.0
1079,30-11-2018,23.0,16.0,7.29,420.0,5.6,123.0
1080,01-12-2018,22.0,12.0,7.18,490.0,5.9,79.0
1081,02-12-2018,22.0,10.0,7.32,420.0,5.6,82.0
1082,03-12-2018,23.0,20.0,7.21,480.0,5.8,108.0
1083,04-12-2018,22.0,14.0,7.45,440.0,5.4,90.0
1084,05-12-2018,22.0,12.0,7.19,482.0,5.9,120.0
1085,06-12-2018,22.0,14.0,7.32,432.0,5.3,70.0
1086,07-12-2018,22.0,15.0,7.15,492.0,5.9,95.0
1087,08-12-2018,22.0,13.0,7.45,468.0,5.6,90.0
1088,09-12-2018,22.0,10.0,7.4,461.0,5.3,86.0
1089,10-12-2018,23.0,12.0,7.15,438.0,4.7,95.0
1090,11-12-2018,23.0,14.0,7.32,480.0,4.9,70.0
1091,12-12-2018,22.0,17.0,7.45,438.0,4.6,82.0
1092,13-12-2018,22.0,14.0,7.15,480.0,4.9,92.0
1093,14-12-2018,22.0,15.0,7.33,438.0,4.6,97.0
1094,15-12-2018,22.0,13.0,7.49,460.0,4.9,76.0
1095,16-12-2018,22.0,15.0,7.42,482.0,4.5,82.0
1096,17-12-2018,23.0,12.0,7.13,428.0,4.8,88.0
1097,18-12-2018,23.0,15.0,7.39,436.0,4.6,95.0
1098,19-12-2018,20.0,16.0,7.53,460.0,4.8,87.0
1099,20-12-2018,22.0,12.0,7.15,420.0,4.6,92.0
1100,21-12-2018,22.0,15.0,7.49,464.0,4.8,96.0
1101,22-12-2018,22.0,11.0,7.4,460.0,4.8,92.0
1102,23-12-2018,22.0,13.0,7.45,438.0,4.6,82.0
1103,24-12-2018,22.0,15.0,7.63,470.0,4.7,61.0
1104,25-12-2018,22.0,12.0,7.45,420.0,4.8,59.0
1105,26-12-2018,20.0,10.0,7.59,492.0,4.7,80.0
1106,27-12-2018,20.0,13.0,7.62,432.0,4.5,72.0
1107,28-12-2018,23.0,16.0,7.93,570.0,4.9,45.0
1108,29-12-2018,20.0,10.0,7.49,482.0,5.6,62.0
1109,30-12-2018,22.0,14.0,7.45,460.0,4.9,59.0
1110,31-12-2018,21.0,16.0,7.79,590.0,5.6,72.0
1111,09-05-2019,21.0,11.0,7.24,496.0,3.3,140.0
1112,07-07-2019,24.0,22.0,7.25,520.0,6.6,122.0
1113,17-09-2019,22.0,13.0,7.18,370.0,3.2,133.0
